,MAE,RMSE,MAPE,sMAPE,MASE
LSTM,26.53192138671875,35.87336730957031,3907306.25,12.516119956970215,1.1728035943835955
Vanilla Transformer,25.840789794921875,35.90773391723633,3610238.75,12.035100936889648,1.1422531640835427
eHMM-Transformer,24.924501419067383,34.793006896972656,3488539.0,11.600360870361328,1.1017500175141433
